<component name="ArtifactManager">
  <artifact type="jar" name="brbo2-impl:jar">
    <output-path>$PROJECT_DIR$/target/scala-2.12</output-path>
    <root id="archive" name="brbo2-impl.jar">
      <element id="module-output" name="brbo2-impl-build" />
      <element id="module-output" name="brbo2-impl" />
      <element id="extracted-dir" path="$USER_HOME$/Library/Caches/Coursier/v1/https/repo1.maven.org/maven2/com/google/code/findbugs/jsr305/3.0.2/jsr305-3.0.2.jar" path-in-jar="/" />
      <element id="extracted-dir" path="$USER_HOME$/Library/Caches/Coursier/v1/https/repo1.maven.org/maven2/args4j/args4j/2.33/args4j-2.33.jar" path-in-jar="/" />
      <element id="extracted-dir" path="$USER_HOME$/Library/Caches/Coursier/v1/https/repo1.maven.org/maven2/io/github/classgraph/classgraph/4.8.60/classgraph-4.8.60.jar" path-in-jar="/" />
      <element id="extracted-dir" path="$USER_HOME$/Library/Caches/Coursier/v1/https/repo1.maven.org/maven2/com/ibm/icu/icu4j/65.1/icu4j-65.1.jar" path-in-jar="/" />
      <element id="extracted-dir" path="$USER_HOME$/Library/Caches/Coursier/v1/https/repo1.maven.org/maven2/org/scala-lang/scala-library/2.12.12/scala-library-2.12.12.jar" path-in-jar="/" />
      <element id="extracted-dir" path="$USER_HOME$/Library/Caches/Coursier/v1/https/repo1.maven.org/maven2/com/google/errorprone/error_prone_annotations/2.11.0/error_prone_annotations-2.11.0.jar" path-in-jar="/" />
      <element id="extracted-dir" path="$USER_HOME$/Library/Caches/Coursier/v1/https/repo1.maven.org/maven2/com/google/guava/failureaccess/1.0.1/failureaccess-1.0.1.jar" path-in-jar="/" />
      <element id="extracted-dir" path="$USER_HOME$/Library/Caches/Coursier/v1/https/repo1.maven.org/maven2/org/roaringbitmap/RoaringBitmap/0.9.25/RoaringBitmap-0.9.25.jar" path-in-jar="/" />
      <element id="extracted-dir" path="$USER_HOME$/Library/Caches/Coursier/v1/https/repo1.maven.org/maven2/org/apache/commons/commons-math3/3.6.1/commons-math3-3.6.1.jar" path-in-jar="/" />
      <element id="extracted-dir" path="$PROJECT_DIR$/lib/deps/com.microsoft.z3.jar" path-in-jar="/" />
      <element id="extracted-dir" path="$PROJECT_DIR$/lib/deps/japron.jar" path-in-jar="/" />
      <element id="extracted-dir" path="$PROJECT_DIR$/lib/deps/kelinci.jar" path-in-jar="/" />
      <element id="extracted-dir" path="$USER_HOME$/Library/Caches/Coursier/v1/https/repo1.maven.org/maven2/com/ibm/wala/com.ibm.wala.util/1.5.5/com.ibm.wala.util-1.5.5.jar" path-in-jar="/" />
      <element id="extracted-dir" path="$USER_HOME$/Library/Caches/Coursier/v1/https/repo1.maven.org/maven2/org/checkerframework/checker-util/3.18.0/checker-util-3.18.0.jar" path-in-jar="/" />
      <element id="extracted-dir" path="$USER_HOME$/Library/Caches/Coursier/v1/https/repo1.maven.org/maven2/org/jgrapht/jgrapht-core/1.4.0/jgrapht-core-1.4.0.jar" path-in-jar="/" />
      <element id="extracted-dir" path="$USER_HOME$/Library/Caches/Coursier/v1/https/repo1.maven.org/maven2/org/checkerframework/checker/3.18.0/checker-3.18.0.jar" path-in-jar="/" />
      <element id="extracted-dir" path="$USER_HOME$/Library/Caches/Coursier/v1/https/repo1.maven.org/maven2/org/scala-lang/modules/scala-parser-combinators_2.12/1.1.2/scala-parser-combinators_2.12-1.1.2.jar" path-in-jar="/" />
      <element id="extracted-dir" path="$USER_HOME$/Library/Caches/Coursier/v1/https/repo1.maven.org/maven2/org/apache/logging/log4j/log4j-core/2.14.0/log4j-core-2.14.0.jar" path-in-jar="/" />
      <element id="extracted-dir" path="$USER_HOME$/Library/Caches/Coursier/v1/https/repo1.maven.org/maven2/org/checkerframework/checker-qual/3.18.0/checker-qual-3.18.0.jar" path-in-jar="/" />
      <element id="extracted-dir" path="$USER_HOME$/Library/Caches/Coursier/v1/https/repo1.maven.org/maven2/org/scala-lang/scala-reflect/2.12.12/scala-reflect-2.12.12.jar" path-in-jar="/" />
      <element id="extracted-dir" path="$USER_HOME$/Library/Caches/Coursier/v1/https/repo1.maven.org/maven2/org/antlr/antlr4-runtime/4.7.2/antlr4-runtime-4.7.2.jar" path-in-jar="/" />
      <element id="extracted-dir" path="$USER_HOME$/Library/Caches/Coursier/v1/https/repo1.maven.org/maven2/org/roaringbitmap/shims/0.9.25/shims-0.9.25.jar" path-in-jar="/" />
      <element id="extracted-dir" path="$USER_HOME$/Library/Caches/Coursier/v1/https/repo1.maven.org/maven2/org/slf4j/slf4j-api/1.7.30/slf4j-api-1.7.30.jar" path-in-jar="/" />
      <element id="extracted-dir" path="$USER_HOME$/Library/Caches/Coursier/v1/https/repo1.maven.org/maven2/com/google/guava/listenablefuture/9999.0-empty-to-avoid-conflict-with-guava/listenablefuture-9999.0-empty-to-avoid-conflict-with-guava.jar" path-in-jar="/" />
      <element id="extracted-dir" path="$USER_HOME$/Library/Caches/Coursier/v1/https/repo1.maven.org/maven2/tech/tablesaw/tablesaw-core/0.43.1/tablesaw-core-0.43.1.jar" path-in-jar="/" />
      <element id="extracted-dir" path="$USER_HOME$/Library/Caches/Coursier/v1/https/repo1.maven.org/maven2/commons-io/commons-io/2.5/commons-io-2.5.jar" path-in-jar="/" />
      <element id="extracted-dir" path="$USER_HOME$/Library/Caches/Coursier/v1/https/repo1.maven.org/maven2/org/apache/commons/commons-lang3/3.8.1/commons-lang3-3.8.1.jar" path-in-jar="/" />
      <element id="extracted-dir" path="$USER_HOME$/Library/Caches/Coursier/v1/https/repo1.maven.org/maven2/org/apache/commons/commons-text/1.6/commons-text-1.6.jar" path-in-jar="/" />
      <element id="extracted-dir" path="$USER_HOME$/Library/Caches/Coursier/v1/https/repo1.maven.org/maven2/org/scalactic/scalactic_2.12/3.2.2/scalactic_2.12-3.2.2.jar" path-in-jar="/" />
      <element id="extracted-dir" path="$USER_HOME$/Library/Caches/Coursier/v1/https/repo1.maven.org/maven2/com/fasterxml/jackson/core/jackson-core/2.11.4/jackson-core-2.11.4.jar" path-in-jar="/" />
      <element id="extracted-dir" path="$USER_HOME$/Library/Caches/Coursier/v1/https/repo1.maven.org/maven2/com/fasterxml/jackson/datatype/jackson-datatype-jdk8/2.11.4/jackson-datatype-jdk8-2.11.4.jar" path-in-jar="/" />
      <element id="extracted-dir" path="$USER_HOME$/Library/Caches/Coursier/v1/https/repo1.maven.org/maven2/com/fasterxml/jackson/core/jackson-databind/2.11.4/jackson-databind-2.11.4.jar" path-in-jar="/" />
      <element id="extracted-dir" path="$USER_HOME$/Library/Caches/Coursier/v1/https/repo1.maven.org/maven2/com/univocity/univocity-parsers/2.8.4/univocity-parsers-2.8.4.jar" path-in-jar="/" />
      <element id="extracted-dir" path="$USER_HOME$/Library/Caches/Coursier/v1/https/repo1.maven.org/maven2/it/unimi/dsi/fastutil/8.3.0/fastutil-8.3.0.jar" path-in-jar="/" />
      <element id="extracted-dir" path="$USER_HOME$/Library/Caches/Coursier/v1/https/repo1.maven.org/maven2/org/jgrapht/jgrapht-io/1.4.0/jgrapht-io-1.4.0.jar" path-in-jar="/" />
      <element id="extracted-dir" path="$USER_HOME$/Library/Caches/Coursier/v1/https/repo1.maven.org/maven2/com/fasterxml/jackson/datatype/jackson-datatype-jsr310/2.11.4/jackson-datatype-jsr310-2.11.4.jar" path-in-jar="/" />
      <element id="extracted-dir" path="$USER_HOME$/Library/Caches/Coursier/v1/https/repo1.maven.org/maven2/com/fasterxml/jackson/core/jackson-annotations/2.11.4/jackson-annotations-2.11.4.jar" path-in-jar="/" />
      <element id="extracted-dir" path="$USER_HOME$/Library/Caches/Coursier/v1/https/repo1.maven.org/maven2/org/jheaps/jheaps/0.11/jheaps-0.11.jar" path-in-jar="/" />
      <element id="extracted-dir" path="$USER_HOME$/Library/Caches/Coursier/v1/https/repo1.maven.org/maven2/com/google/j2objc/j2objc-annotations/1.3/j2objc-annotations-1.3.jar" path-in-jar="/" />
      <element id="extracted-dir" path="$USER_HOME$/Library/Caches/Coursier/v1/https/repo1.maven.org/maven2/com/typesafe/play/play-functional_2.12/2.9.3/play-functional_2.12-2.9.3.jar" path-in-jar="/" />
      <element id="extracted-dir" path="$USER_HOME$/Library/Caches/Coursier/v1/https/repo1.maven.org/maven2/com/google/guava/guava/31.1-jre/guava-31.1-jre.jar" path-in-jar="/" />
      <element id="extracted-dir" path="$USER_HOME$/Library/Caches/Coursier/v1/https/repo1.maven.org/maven2/com/typesafe/play/play-json_2.12/2.9.3/play-json_2.12-2.9.3.jar" path-in-jar="/" />
      <element id="extracted-dir" path="$USER_HOME$/Library/Caches/Coursier/v1/https/repo1.maven.org/maven2/org/apache/logging/log4j/log4j-api/2.14.0/log4j-api-2.14.0.jar" path-in-jar="/" />
      <element id="extracted-dir" path="$USER_HOME$/.sdkman/candidates/java/8.0.352-amzn/lib/tools.jar" path-in-jar="/" />
    </root>
  </artifact>
</component>