<component name="ProjectCodeStyleConfiguration">
  <code_scheme name="Project" version="173">
    <ScalaCodeStyleSettings>
      <option name="MULTILINE_STRING_CLOSING_QUOTES_ON_NEW_LINE" value="true" />
    </ScalaCodeStyleSettings>
    <codeStyleSettings language="JAVA">
      <indentOptions>
        <option name="INDENT_SIZE" value="2" />
        <option name="CONTINUATION_INDENT_SIZE" value="4" />
        <option name="TAB_SIZE" value="2" />
      </indentOptions>
    </codeStyleSettings>
    <codeStyleSettings language="JSON">
      <indentOptions>
        <option name="CONTINUATION_INDENT_SIZE" value="4" />
        <option name="TAB_SIZE" value="2" />
      </indentOptions>
    </codeStyleSettings>
  </code_scheme>
</component>