<component name="libraryTable">
  <library name="sbt: org.scala-lang.modules:scala-xml_2.12:1.2.0:jar">
    <CLASSES>
      <root url="jar://$USER_HOME$/Library/Caches/Coursier/v1/https/repo1.maven.org/maven2/org/scala-lang/modules/scala-xml_2.12/1.2.0/scala-xml_2.12-1.2.0.jar!/" />
    </CLASSES>
    <JAVADOC>
      <root url="jar://$USER_HOME$/Library/Caches/Coursier/v1/https/repo1.maven.org/maven2/org/scala-lang/modules/scala-xml_2.12/1.2.0/scala-xml_2.12-1.2.0-javadoc.jar!/" />
    </JAVADOC>
    <SOURCES>
      <root url="jar://$USER_HOME$/Library/Caches/Coursier/v1/https/repo1.maven.org/maven2/org/scala-lang/modules/scala-xml_2.12/1.2.0/scala-xml_2.12-1.2.0-sources.jar!/" />
    </SOURCES>
  </library>
</component>