<component name="libraryTable">
  <library name="sbt: com.google.j2objc:j2objc-annotations:1.3:jar">
    <CLASSES>
      <root url="jar://$USER_HOME$/Library/Caches/Coursier/v1/https/repo1.maven.org/maven2/com/google/j2objc/j2objc-annotations/1.3/j2objc-annotations-1.3.jar!/" />
    </CLASSES>
    <JAVADOC>
      <root url="jar://$USER_HOME$/Library/Caches/Coursier/v1/https/repo1.maven.org/maven2/com/google/j2objc/j2objc-annotations/1.3/j2objc-annotations-1.3-javadoc.jar!/" />
    </JAVADOC>
    <SOURCES>
      <root url="jar://$USER_HOME$/Library/Caches/Coursier/v1/https/repo1.maven.org/maven2/com/google/j2objc/j2objc-annotations/1.3/j2objc-annotations-1.3-sources.jar!/" />
    </SOURCES>
  </library>
</component>