<component name="libraryTable">
  <library name="sbt: com.ibm.wala:com.ibm.wala.util:1.5.5:jar">
    <CLASSES>
      <root url="jar://$USER_HOME$/Library/Caches/Coursier/v1/https/repo1.maven.org/maven2/com/ibm/wala/com.ibm.wala.util/1.5.5/com.ibm.wala.util-1.5.5.jar!/" />
    </CLASSES>
    <JAVADOC>
      <root url="jar://$USER_HOME$/Library/Caches/Coursier/v1/https/repo1.maven.org/maven2/com/ibm/wala/com.ibm.wala.util/1.5.5/com.ibm.wala.util-1.5.5-javadoc.jar!/" />
    </JAVADOC>
    <SOURCES>
      <root url="jar://$USER_HOME$/Library/Caches/Coursier/v1/https/repo1.maven.org/maven2/com/ibm/wala/com.ibm.wala.util/1.5.5/com.ibm.wala.util-1.5.5-sources.jar!/" />
    </SOURCES>
  </library>
</component>