<component name="libraryTable">
  <library name="sbt: org.roaringbitmap:shims:0.9.25:jar">
    <CLASSES>
      <root url="jar://$USER_HOME$/Library/Caches/Coursier/v1/https/repo1.maven.org/maven2/org/roaringbitmap/shims/0.9.25/shims-0.9.25.jar!/" />
    </CLASSES>
    <JAVADOC>
      <root url="jar://$USER_HOME$/Library/Caches/Coursier/v1/https/repo1.maven.org/maven2/org/roaringbitmap/shims/0.9.25/shims-0.9.25-javadoc.jar!/" />
    </JAVADOC>
    <SOURCES>
      <root url="jar://$USER_HOME$/Library/Caches/Coursier/v1/https/repo1.maven.org/maven2/org/roaringbitmap/shims/0.9.25/shims-0.9.25-sources.jar!/" />
    </SOURCES>
  </library>
</component>