<component name="libraryTable">
  <library name="sbt: io.github.classgraph:classgraph:4.8.60:jar">
    <CLASSES>
      <root url="jar://$USER_HOME$/Library/Caches/Coursier/v1/https/repo1.maven.org/maven2/io/github/classgraph/classgraph/4.8.60/classgraph-4.8.60.jar!/" />
    </CLASSES>
    <JAVADOC>
      <root url="jar://$USER_HOME$/Library/Caches/Coursier/v1/https/repo1.maven.org/maven2/io/github/classgraph/classgraph/4.8.60/classgraph-4.8.60-javadoc.jar!/" />
    </JAVADOC>
    <SOURCES>
      <root url="jar://$USER_HOME$/Library/Caches/Coursier/v1/https/repo1.maven.org/maven2/io/github/classgraph/classgraph/4.8.60/classgraph-4.8.60-sources.jar!/" />
    </SOURCES>
  </library>
</component>