<component name="libraryTable">
  <library name="sbt: org.scala-lang:scala-reflect:2.12.12:jar">
    <CLASSES>
      <root url="jar://$USER_HOME$/Library/Caches/Coursier/v1/https/repo1.maven.org/maven2/org/scala-lang/scala-reflect/2.12.12/scala-reflect-2.12.12.jar!/" />
    </CLASSES>
    <JAVADOC>
      <root url="jar://$USER_HOME$/Library/Caches/Coursier/v1/https/repo1.maven.org/maven2/org/scala-lang/scala-reflect/2.12.12/scala-reflect-2.12.12-javadoc.jar!/" />
    </JAVADOC>
    <SOURCES>
      <root url="jar://$USER_HOME$/Library/Caches/Coursier/v1/https/repo1.maven.org/maven2/org/scala-lang/scala-reflect/2.12.12/scala-reflect-2.12.12-sources.jar!/" />
    </SOURCES>
  </library>
</component>