<component name="libraryTable">
  <library name="sbt: com.ibm.icu:icu4j:65.1:jar">
    <CLASSES>
      <root url="jar://$USER_HOME$/Library/Caches/Coursier/v1/https/repo1.maven.org/maven2/com/ibm/icu/icu4j/65.1/icu4j-65.1.jar!/" />
    </CLASSES>
    <JAVADOC>
      <root url="jar://$USER_HOME$/Library/Caches/Coursier/v1/https/repo1.maven.org/maven2/com/ibm/icu/icu4j/65.1/icu4j-65.1-javadoc.jar!/" />
    </JAVADOC>
    <SOURCES>
      <root url="jar://$USER_HOME$/Library/Caches/Coursier/v1/https/repo1.maven.org/maven2/com/ibm/icu/icu4j/65.1/icu4j-65.1-sources.jar!/" />
    </SOURCES>
  </library>
</component>