<component name="libraryTable">
  <library name="sbt: org.apache.commons:commons-text:1.6:jar">
    <CLASSES>
      <root url="jar://$USER_HOME$/Library/Caches/Coursier/v1/https/repo1.maven.org/maven2/org/apache/commons/commons-text/1.6/commons-text-1.6.jar!/" />
    </CLASSES>
    <JAVADOC>
      <root url="jar://$USER_HOME$/Library/Caches/Coursier/v1/https/repo1.maven.org/maven2/org/apache/commons/commons-text/1.6/commons-text-1.6-javadoc.jar!/" />
    </JAVADOC>
    <SOURCES>
      <root url="jar://$USER_HOME$/Library/Caches/Coursier/v1/https/repo1.maven.org/maven2/org/apache/commons/commons-text/1.6/commons-text-1.6-sources.jar!/" />
    </SOURCES>
  </library>
</component>