<component name="libraryTable">
  <library name="sbt: commons-io:commons-io:2.5:jar">
    <CLASSES>
      <root url="jar://$USER_HOME$/Library/Caches/Coursier/v1/https/repo1.maven.org/maven2/commons-io/commons-io/2.5/commons-io-2.5.jar!/" />
    </CLASSES>
    <JAVADOC>
      <root url="jar://$USER_HOME$/Library/Caches/Coursier/v1/https/repo1.maven.org/maven2/commons-io/commons-io/2.5/commons-io-2.5-javadoc.jar!/" />
    </JAVADOC>
    <SOURCES>
      <root url="jar://$USER_HOME$/Library/Caches/Coursier/v1/https/repo1.maven.org/maven2/commons-io/commons-io/2.5/commons-io-2.5-sources.jar!/" />
    </SOURCES>
  </library>
</component>