<component name="libraryTable">
  <library name="sbt: args4j:args4j:2.33:jar">
    <CLASSES>
      <root url="jar://$USER_HOME$/Library/Caches/Coursier/v1/https/repo1.maven.org/maven2/args4j/args4j/2.33/args4j-2.33.jar!/" />
    </CLASSES>
    <JAVADOC>
      <root url="jar://$USER_HOME$/Library/Caches/Coursier/v1/https/repo1.maven.org/maven2/args4j/args4j/2.33/args4j-2.33-javadoc.jar!/" />
    </JAVADOC>
    <SOURCES>
      <root url="jar://$USER_HOME$/Library/Caches/Coursier/v1/https/repo1.maven.org/maven2/args4j/args4j/2.33/args4j-2.33-sources.jar!/" />
    </SOURCES>
  </library>
</component>