<component name="libraryTable">
  <library name="sbt: it.unimi.dsi:fastutil:8.3.0:jar">
    <CLASSES>
      <root url="jar://$USER_HOME$/Library/Caches/Coursier/v1/https/repo1.maven.org/maven2/it/unimi/dsi/fastutil/8.3.0/fastutil-8.3.0.jar!/" />
    </CLASSES>
    <JAVADOC>
      <root url="jar://$USER_HOME$/Library/Caches/Coursier/v1/https/repo1.maven.org/maven2/it/unimi/dsi/fastutil/8.3.0/fastutil-8.3.0-javadoc.jar!/" />
    </JAVADOC>
    <SOURCES>
      <root url="jar://$USER_HOME$/Library/Caches/Coursier/v1/https/repo1.maven.org/maven2/it/unimi/dsi/fastutil/8.3.0/fastutil-8.3.0-sources.jar!/" />
    </SOURCES>
  </library>
</component>