<component name="libraryTable">
  <library name="sbt: com.univocity:univocity-parsers:2.8.4:jar">
    <CLASSES>
      <root url="jar://$USER_HOME$/Library/Caches/Coursier/v1/https/repo1.maven.org/maven2/com/univocity/univocity-parsers/2.8.4/univocity-parsers-2.8.4.jar!/" />
    </CLASSES>
    <JAVADOC>
      <root url="jar://$USER_HOME$/Library/Caches/Coursier/v1/https/repo1.maven.org/maven2/com/univocity/univocity-parsers/2.8.4/univocity-parsers-2.8.4-javadoc.jar!/" />
    </JAVADOC>
    <SOURCES>
      <root url="jar://$USER_HOME$/Library/Caches/Coursier/v1/https/repo1.maven.org/maven2/com/univocity/univocity-parsers/2.8.4/univocity-parsers-2.8.4-sources.jar!/" />
    </SOURCES>
  </library>
</component>