<component name="libraryTable">
  <library name="sbt: com.typesafe.play:play-functional_2.12:2.9.3:jar">
    <CLASSES>
      <root url="jar://$USER_HOME$/Library/Caches/Coursier/v1/https/repo1.maven.org/maven2/com/typesafe/play/play-functional_2.12/2.9.3/play-functional_2.12-2.9.3.jar!/" />
    </CLASSES>
    <JAVADOC>
      <root url="jar://$USER_HOME$/Library/Caches/Coursier/v1/https/repo1.maven.org/maven2/com/typesafe/play/play-functional_2.12/2.9.3/play-functional_2.12-2.9.3-javadoc.jar!/" />
    </JAVADOC>
    <SOURCES>
      <root url="jar://$USER_HOME$/Library/Caches/Coursier/v1/https/repo1.maven.org/maven2/com/typesafe/play/play-functional_2.12/2.9.3/play-functional_2.12-2.9.3-sources.jar!/" />
    </SOURCES>
  </library>
</component>