<component name="libraryTable">
  <library name="sbt: com.fasterxml.jackson.core:jackson-databind:2.11.4:jar">
    <CLASSES>
      <root url="jar://$USER_HOME$/Library/Caches/Coursier/v1/https/repo1.maven.org/maven2/com/fasterxml/jackson/core/jackson-databind/2.11.4/jackson-databind-2.11.4.jar!/" />
    </CLASSES>
    <JAVADOC>
      <root url="jar://$USER_HOME$/Library/Caches/Coursier/v1/https/repo1.maven.org/maven2/com/fasterxml/jackson/core/jackson-databind/2.11.4/jackson-databind-2.11.4-javadoc.jar!/" />
    </JAVADOC>
    <SOURCES>
      <root url="jar://$USER_HOME$/Library/Caches/Coursier/v1/https/repo1.maven.org/maven2/com/fasterxml/jackson/core/jackson-databind/2.11.4/jackson-databind-2.11.4-sources.jar!/" />
    </SOURCES>
  </library>
</component>