<component name="libraryTable">
  <library name="sbt: tech.tablesaw:tablesaw-core:0.43.1:jar">
    <CLASSES>
      <root url="jar://$USER_HOME$/Library/Caches/Coursier/v1/https/repo1.maven.org/maven2/tech/tablesaw/tablesaw-core/0.43.1/tablesaw-core-0.43.1.jar!/" />
    </CLASSES>
    <JAVADOC>
      <root url="jar://$USER_HOME$/Library/Caches/Coursier/v1/https/repo1.maven.org/maven2/tech/tablesaw/tablesaw-core/0.43.1/tablesaw-core-0.43.1-javadoc.jar!/" />
    </JAVADOC>
    <SOURCES>
      <root url="jar://$USER_HOME$/Library/Caches/Coursier/v1/https/repo1.maven.org/maven2/tech/tablesaw/tablesaw-core/0.43.1/tablesaw-core-0.43.1-sources.jar!/" />
    </SOURCES>
  </library>
</component>