<component name="libraryTable">
  <library name="sbt: org.scala-lang:scala-library:2.12.12:jar" type="Scala">
    <properties>
      <compiler-classpath>
        <root url="file://$USER_HOME$/Library/Caches/Coursier/v1/https/repo1.maven.org/maven2/org/scala-lang/scala-library/2.12.12/scala-library-2.12.12.jar" />
        <root url="file://$USER_HOME$/Library/Caches/Coursier/v1/https/repo1.maven.org/maven2/jline/jline/2.14.6/jline-2.14.6.jar" />
        <root url="file://$USER_HOME$/Library/Caches/Coursier/v1/https/repo1.maven.org/maven2/org/fusesource/jansi/jansi/1.12/jansi-1.12.jar" />
        <root url="file://$USER_HOME$/Library/Caches/Coursier/v1/https/repo1.maven.org/maven2/org/scala-lang/modules/scala-xml_2.12/1.0.6/scala-xml_2.12-1.0.6.jar" />
        <root url="file://$USER_HOME$/Library/Caches/Coursier/v1/https/repo1.maven.org/maven2/org/scala-lang/scala-compiler/2.12.12/scala-compiler-2.12.12.jar" />
        <root url="file://$USER_HOME$/Library/Caches/Coursier/v1/https/repo1.maven.org/maven2/org/scala-lang/scala-reflect/2.12.12/scala-reflect-2.12.12.jar" />
      </compiler-classpath>
    </properties>
    <CLASSES>
      <root url="jar://$USER_HOME$/Library/Caches/Coursier/v1/https/repo1.maven.org/maven2/org/scala-lang/scala-library/2.12.12/scala-library-2.12.12.jar!/" />
    </CLASSES>
    <JAVADOC>
      <root url="jar://$USER_HOME$/Library/Caches/Coursier/v1/https/repo1.maven.org/maven2/org/scala-lang/scala-library/2.12.12/scala-library-2.12.12-javadoc.jar!/" />
    </JAVADOC>
    <SOURCES>
      <root url="jar://$USER_HOME$/Library/Caches/Coursier/v1/https/repo1.maven.org/maven2/org/scala-lang/scala-library/2.12.12/scala-library-2.12.12-sources.jar!/" />
    </SOURCES>
  </library>
</component>