<component name="libraryTable">
  <library name="sbt: com.google.guava:guava:31.1-jre:jar">
    <CLASSES>
      <root url="jar://$USER_HOME$/Library/Caches/Coursier/v1/https/repo1.maven.org/maven2/com/google/guava/guava/31.1-jre/guava-31.1-jre.jar!/" />
    </CLASSES>
    <JAVADOC>
      <root url="jar://$USER_HOME$/Library/Caches/Coursier/v1/https/repo1.maven.org/maven2/com/google/guava/guava/31.1-jre/guava-31.1-jre-javadoc.jar!/" />
    </JAVADOC>
    <SOURCES>
      <root url="jar://$USER_HOME$/Library/Caches/Coursier/v1/https/repo1.maven.org/maven2/com/google/guava/guava/31.1-jre/guava-31.1-jre-sources.jar!/" />
    </SOURCES>
  </library>
</component>