<component name="libraryTable">
  <library name="sbt: com.google.guava:failureaccess:1.0.1:jar">
    <CLASSES>
      <root url="jar://$USER_HOME$/Library/Caches/Coursier/v1/https/repo1.maven.org/maven2/com/google/guava/failureaccess/1.0.1/failureaccess-1.0.1.jar!/" />
    </CLASSES>
    <JAVADOC>
      <root url="jar://$USER_HOME$/Library/Caches/Coursier/v1/https/repo1.maven.org/maven2/com/google/guava/failureaccess/1.0.1/failureaccess-1.0.1-javadoc.jar!/" />
    </JAVADOC>
    <SOURCES>
      <root url="jar://$USER_HOME$/Library/Caches/Coursier/v1/https/repo1.maven.org/maven2/com/google/guava/failureaccess/1.0.1/failureaccess-1.0.1-sources.jar!/" />
    </SOURCES>
  </library>
</component>