<component name="libraryTable">
  <library name="sbt: com.google.errorprone:error_prone_annotations:2.11.0:jar">
    <CLASSES>
      <root url="jar://$USER_HOME$/Library/Caches/Coursier/v1/https/repo1.maven.org/maven2/com/google/errorprone/error_prone_annotations/2.11.0/error_prone_annotations-2.11.0.jar!/" />
    </CLASSES>
    <JAVADOC>
      <root url="jar://$USER_HOME$/Library/Caches/Coursier/v1/https/repo1.maven.org/maven2/com/google/errorprone/error_prone_annotations/2.11.0/error_prone_annotations-2.11.0-javadoc.jar!/" />
    </JAVADOC>
    <SOURCES>
      <root url="jar://$USER_HOME$/Library/Caches/Coursier/v1/https/repo1.maven.org/maven2/com/google/errorprone/error_prone_annotations/2.11.0/error_prone_annotations-2.11.0-sources.jar!/" />
    </SOURCES>
  </library>
</component>