<component name="libraryTable">
  <library name="sbt: org.jheaps:jheaps:0.11:jar">
    <CLASSES>
      <root url="jar://$USER_HOME$/Library/Caches/Coursier/v1/https/repo1.maven.org/maven2/org/jheaps/jheaps/0.11/jheaps-0.11.jar!/" />
    </CLASSES>
    <JAVADOC>
      <root url="jar://$USER_HOME$/Library/Caches/Coursier/v1/https/repo1.maven.org/maven2/org/jheaps/jheaps/0.11/jheaps-0.11-javadoc.jar!/" />
    </JAVADOC>
    <SOURCES>
      <root url="jar://$USER_HOME$/Library/Caches/Coursier/v1/https/repo1.maven.org/maven2/org/jheaps/jheaps/0.11/jheaps-0.11-sources.jar!/" />
    </SOURCES>
  </library>
</component>