<component name="libraryTable">
  <library name="sbt: org.apache.logging.log4j:log4j-api:2.14.0:jar">
    <CLASSES>
      <root url="jar://$USER_HOME$/Library/Caches/Coursier/v1/https/repo1.maven.org/maven2/org/apache/logging/log4j/log4j-api/2.14.0/log4j-api-2.14.0.jar!/" />
    </CLASSES>
    <JAVADOC>
      <root url="jar://$USER_HOME$/Library/Caches/Coursier/v1/https/repo1.maven.org/maven2/org/apache/logging/log4j/log4j-api/2.14.0/log4j-api-2.14.0-javadoc.jar!/" />
    </JAVADOC>
    <SOURCES>
      <root url="jar://$USER_HOME$/Library/Caches/Coursier/v1/https/repo1.maven.org/maven2/org/apache/logging/log4j/log4j-api/2.14.0/log4j-api-2.14.0-sources.jar!/" />
    </SOURCES>
  </library>
</component>