<component name="libraryTable">
  <library name="sbt: org.jgrapht:jgrapht-core:1.4.0:jar">
    <CLASSES>
      <root url="jar://$USER_HOME$/Library/Caches/Coursier/v1/https/repo1.maven.org/maven2/org/jgrapht/jgrapht-core/1.4.0/jgrapht-core-1.4.0.jar!/" />
    </CLASSES>
    <JAVADOC>
      <root url="jar://$USER_HOME$/Library/Caches/Coursier/v1/https/repo1.maven.org/maven2/org/jgrapht/jgrapht-core/1.4.0/jgrapht-core-1.4.0-javadoc.jar!/" />
    </JAVADOC>
    <SOURCES>
      <root url="jar://$USER_HOME$/Library/Caches/Coursier/v1/https/repo1.maven.org/maven2/org/jgrapht/jgrapht-core/1.4.0/jgrapht-core-1.4.0-sources.jar!/" />
    </SOURCES>
  </library>
</component>