<?xml version="1.0" encoding="UTF-8"?>
<project version="4">
  <component name="ArtifactsWorkspaceSettings">
    <artifacts-to-build>
      <artifact name="brbo2-impl:jar" />
    </artifacts-to-build>
  </component>
  <component name="AutoImportSettings">
    <option name="autoReloadType" value="SELECTIVE" />
  </component>
  <component name="ChangeListManager">
    <list default="true" id="50791636-5860-4d82-86b3-f8edcebfb03e" name="Changes" comment="">
      <change beforePath="$PROJECT_DIR$/src/main/scala/brbo/backend2/DecompositionDriver.scala" beforeDir="false" afterPath="$PROJECT_DIR$/src/main/scala/brbo/backend2/DecompositionDriver.scala" afterDir="false" />
    </list>
    <option name="SHOW_DIALOG" value="false" />
    <option name="HIGHLIGHT_CONFLICTS" value="true" />
    <option name="HIGHLIGHT_NON_ACTIVE_CHANGELIST" value="false" />
    <option name="LAST_RESOLUTION" value="IGNORE" />
  </component>
  <component name="CodeStyleSettingsInfer">
    <option name="done" value="true" />
  </component>
  <component name="ExternalProjectsData">
    <projectState path="$PROJECT_DIR$">
      <ProjectState />
    </projectState>
  </component>
  <component name="ExternalProjectsManager">
    <system id="SBT">
      <state>
        <projects_view>
          <tree_state>
            <expand>
              <path>
                <item name="" type="6a2764b6:ExternalProjectsStructure$RootNode" />
                <item name="brbo2-impl" type="f1a62948:ProjectNode" />
              </path>
            </expand>
            <select />
          </tree_state>
        </projects_view>
      </state>
    </system>
  </component>
  <component name="FileTemplateManagerImpl">
    <option name="RECENT_TEMPLATES">
      <list>
        <option value="Python Script" />
      </list>
    </option>
  </component>
  <component name="Git.Settings">
    <option name="RECENT_GIT_ROOT_PATH" value="$PROJECT_DIR$" />
  </component>
  <component name="HighlightingSettingsPerFile">
    <setting file="jar://$USER_HOME$/Library/Caches/Coursier/v1/https/repo1.maven.org/maven2/org/scala-lang/scala-library/2.12.12/scala-library-2.12.12-sources.jar!/scala/util/Random.scala" root0="SKIP_INSPECTION" />
  </component>
  <component name="MarkdownSettingsMigration">
    <option name="stateVersion" value="1" />
  </component>
  <component name="ProjectCodeStyleSettingsMigration">
    <option name="version" value="2" />
  </component>
  <component name="ProjectId" id="2GyQLF0O5hTnrgpZTLX91HRun80" />
  <component name="ProjectLevelVcsManager">
    <ConfirmationsSetting value="1" id="Add" />
  </component>
  <component name="ProjectViewState">
    <option name="hideEmptyMiddlePackages" value="true" />
    <option name="showLibraryContents" value="true" />
  </component>
  <component name="PropertiesComponent"><![CDATA[{
  "keyToString": {
    "RunOnceActivity.OpenProjectViewOnStart": "true",
    "RunOnceActivity.ShowReadmeOnStart": "true",
    "last_opened_file_path": "/Users/tianhanlu/Documents/workspace/brbo2-impl/output/logs/verifiability/brbo2",
    "project.structure.last.edited": "Project",
    "project.structure.proportion": "0.15",
    "project.structure.side.proportion": "0.18873517",
    "settings.editor.selected.configurable": "preferences.keymap"
  }
}]]></component>
  <component name="RecentsManager">
    <key name="CopyFile.RECENT_KEYS">
      <recent name="$PROJECT_DIR$/output/logs/verifiability/brbo2" />
      <recent name="$PROJECT_DIR$/scripts/server" />
      <recent name="$PROJECT_DIR$/output/decomposed/stac" />
      <recent name="$PROJECT_DIR$/src/main/java/brbo/benchmarks/sas22/stac" />
      <recent name="$PROJECT_DIR$/scripts" />
    </key>
    <key name="MoveFile.RECENT_KEYS">
      <recent name="$PROJECT_DIR$/output/logs/verifiability/brbo2" />
      <recent name="$PROJECT_DIR$/output/logs/verifiability/worst" />
      <recent name="$PROJECT_DIR$/lib/deps" />
      <recent name="$PROJECT_DIR$/scripts/server" />
      <recent name="$PROJECT_DIR$/src/main/java/brbo/benchmarks/sas22/string/guava" />
    </key>
    <key name="CopyClassDialog.RECENTS_KEY">
      <recent name="brbo.benchmarks.sas22.stac" />
      <recent name="brbo.benchmarks.sas22.examples" />
      <recent name="brbo.benchmarks.sas22.test" />
    </key>
  </component>
  <component name="SpellCheckerSettings" RuntimeDictionaries="0" Folders="0" CustomDictionaries="0" DefaultDictionary="application-level" UseSingleDictionary="true" transferred="true" />
  <component name="TaskManager">
    <task active="true" id="Default" summary="Default task">
      <changelist id="50791636-5860-4d82-86b3-f8edcebfb03e" name="Changes" comment="" />
      <created>1667358286866</created>
      <option name="number" value="Default" />
      <option name="presentableId" value="Default" />
      <updated>1667358286866</updated>
    </task>
    <servers />
  </component>
  <component name="Vcs.Log.History.Properties">
    <option name="COLUMN_ID_ORDER">
      <list>
        <option value="Default.Root" />
        <option value="Default.Author" />
        <option value="Default.Date" />
        <option value="Default.Subject" />
        <option value="Space.CommitStatus" />
      </list>
    </option>
  </component>
  <component name="Vcs.Log.Tabs.Properties">
    <option name="TAB_STATES">
      <map>
        <entry key="MAIN">
          <value>
            <State />
          </value>
        </entry>
      </map>
    </option>
  </component>
  <component name="XSLT-Support.FileAssociations.UIState">
    <expand />
    <select />
  </component>
</project>